{
    "welcomeInfo": {
        "welcomeMessageHeading": "Bienvenido a Focus Bear",
        "welcomeMessageIntro": "Cada mañana, evitaré que siga su impulso de revisar su correo electrónico/Facebook y le invitaré a seguir su rutina matutina en su lugar.\nPuede configurar su propia rutina luego, pero por ahora te sugiero una actividad: 1 minuto de respiración consciente.\nMientras respira profundamente, piense en lo increíble que serás si se compromete a su rutina matutina todos los días.",
        "welcomeEndMessage": "Espero que se sienta más tranquilo. Ahora puede personalizar su rutina matutina haciendo clic en el ícono <icon> en la barra superior y seleccionando Preferencias -> Configuraciones.",
        "preloadFocusModesDoneText": "Aquí podrás ver un video corto que explica cómo utilizar Focus Bear.",
        "introActivities": [
            {
                "name": "Respiración Consciente",
                "duration_seconds": 30,
                "video_urls": [
                    "https://www.youtube.com/watch?v=HhMXYsk_Pvo"
                ]
            }
        ],
        "welcomeVideoUrl": "https://www.youtube.com/watch?v=TvfNJ1AaT9M",
        "welcomeMessageOnlyBreakIntro": "Throughout the day, I'll remind you to take regular breaks to keep your mind sharp and your body flexible. Here's an example of a break activity: 30 seconds of deep breathing."
    },
    "activityInfo": {
        "startMorningHabitTitleText": "¡Buenos días! Es hora de enfocarse. Estos son los hábitos que debe lograr antes de poder usar su computadora.",
        "startEveningHabitTitleText": "¡Buenas tardes! Es hora de enfocarse. Estos son los hábitos que debe lograr antes de poder comenzar el día.",
        "startActivityButtonText": "Empieza <TIME> <NAME>",
        "activityFinishedText": "¡<ACTIVITY> completado!✅",
        "lastActivityFinishedText": "¡<ACTIVITY> completado!✅Se ha ganado su tiempo libre del uso de la computadora. 💪",
        "startBreakActivityTitleText": "Es hora de un descanso. Haz <TIME> de <ACTIVITY> para ganar más tiempo libre del uso de la computadora.",
        "doSomeActivityText": "<ACTIVITY>",
        "beforeYouStartText": "Antes de comenzar, tómese unos momentos para reflexionar sobre por qué desea adoptar estos hábitos. Luego visualízate comenzando la secuencia del hábito. Repase mentalmente cualquiera de los hábitos que le resulten más difíciles. Este proceso ayudará a reducir la \"fricción límbica\", es decir, preparará su cerebro para hacer los hábitos sin importar nada, incluso si no tiene la aplicación disponible.",
        "beforeYouBeginText": "Antes de comenzar, tómese 30 segundos para visualizarse realizando cada uno de los hábitos. Esto suena raro, pero las investigaciones indican que hacer un ensayo mental como este aumenta la probabilidad de que complete sud hábitos y hace que los hábitos sean más persistentes, de modo que incluso si no no tienes acceso a su computadora/a esta aplicación, seguirás adelante con todos sus hábitos",
        "habitsProgressText": "Has completado <duration> de hábitos - le faltan <totalduration>  ¡Puedes hacerlo!",
        "habitsCompleteText": "Has completado <duration>  de hábitos.",
        "whatComesNextButtonText": "¿Qué viene después?",
        "buttonGetKookyText": "Ponte loco/loca",
        "buttonReviseQuantityText": "Revisa Cantidad",
        "buttonBeginText": "Comenzar",
        "visualizeDescriptionText": "Antes de comenzar tu rutina, tómate 30 segundos para realizar un \"enfoque extrapersonal\": procura mantener la mirada fija en un punto. Estudios científicos por “Balcetis and colleagues” en 2020 indican que enfocarse en un punto fijoagudizará tu capacidad de concentración y aumentará la probabilidad de completar tu rutina.",
        "titleGetFocused": "Concéntrate",
        "activitySkippedText":"<ACTIVITY> skipped!",
        "lastActivitySkippedText":"<ACTIVITY> skipped! You’ve earned your screen time. 💪",
        "buttonSkipHabitText":"Skip this habit for today",
        "buttonPostponeBreakText":"Postpone break for five minutes",
        "breakDurationText":"Break Activites Duration: <DURATION>"
    },
    "common": {
        "emailId": "team@focusbear.io",
        "unlockMachineButtonText": "Desbloquear la computadora",
        "wrapupButtonText": "Terminemos el día",
        "stayFocusedText": "¡OK - Manténgase concentrado/a durante todo el día!",
        "letsCreatAccountText": "Ahora configuremos una cuenta para ti",
        "buttonCancelText": "Cancelar",
        "buttonOkText": "OK",
        "webhookUrl": "https://hooks.zapier.com/hooks/catch/326116/b98ovxc/",
        "buttonExportText": "Exportar",
        "appName": "Focus Bear",
        "trialExpiredText": "¡Su periodo de prueba ha caducado!",
        "daysRemainingText": "Versión de prueba - <DAYS> de 31 días de prueba restantes",
        "buttonStatusStateFocusText": "ENFOQUE",
        "buttonStatusStateOffText": "APAGADO",
        "buttonStatusStateCallText": "LLAMAR",
        "uninstallConfirmText": "¿Está seguro de que quiere abandonar todos sus hábitos y desinstalar Focus Bear?",
        "yesText": "Sí",
        "noText": "No",
        "uninstallDoneText": "Todos los procesos relacionados con la aplicación se detendrán y la aplicación se cerrará sola. Luego puede arrastrar la aplicación a la Papelera.",
        "buttonUninstallText": "Desinstalar Focus Bear",
        "shutdownNotificationTitle": "Es hora de terminar por hoy. Su tiempo de apagado es en 5 minutos.",
        "appBlockNotificationTitle": "<APP_NAME> no está permitido en el <FOCUS_NAME> modo de enfoque.",
        "focusBreakNotificationTitle": "Su descanso termina en",
        "tabGeneralText": "General",
        "tabFocusText": "Enfoque",
        "tabEditHabitsText": "Configuraciones",
        "tabPasswordText": "Contraseña",
        "tabBlockedURLsText": " Las URL bloqueadas",
        "tabUninstallText": "desinstalar",
        "mondayText": "lunes",
        "tuesdayText": "martes",
        "wednesdayText": "miercoles",
        "thursdayText": "jueves",
        "fridayText": "viernes",
        "saturdayText": "sábado",
        "sundayText": "domingo",
        "andText": "y",
        "tabAccountsText": "Cuentas",
        "checkInternetText": "No se pudo conectar al servidor. Verifica tu conexión a Internet.",
        "uninstallingText": "Desinstalando…",
        "askUninstallReasonText": "¿Puedes decirnos por qué estás desinstalando Focus Bear?",
        "buttonSelectReasonText": "Selecciona un Motivo",
        "brokenAppReasonText": "La app está dañada",
        "habitsHardReasonText": "Mis hábitos son demasiado difíciles - no los puedo realizar",
        "emailTitle": "Tu correo electrónico (si deseas que te respondamos):",
        "buttonPostponeText": "Posponer",
        "noPurchasesFoundText": "No se encontraron compras.",
        "someProblemInCredentialText": "Se presentó un problema. Inicie sesión nuevamente.",
        "askUninstallReasonText2": "Ay no, lo siento, parece que lo decepcionamos. Estamos en las primeras etapas de este producto y realmente queremos recibir comentarios para mejorarlo. ¿Podría decirnos por qué está desinstalando?",
        "minimumCharacterText": "(Mínimo 10 caracteres)",
        "secondsText": "segundos",
        "minuteText": "minuto",
        "minutesText": "minutos",
        "hourText": "hora",
        "hoursText": "horas",
        "timeIncorrectText":"Your system time seems to be incorrect - it's saying the current time is <SYSTEM_TIME> but the actual time is <TRUE_TIME>. Focus Bear won't work properly if you don't have your system time configured correctly. Once you have adjusted the time settings, click \"I am ready to start my habits\" button below.",
        "buttonIAmReadyText":"I am ready to start my habits",
        "buttonInstructionsText":"Click Here to see instructions for fixing your time settings",
        "notificationVideoCallText":"Looks like you're in a video call. I won't interrupt you with micro-breaks during the meeting to avoid embarrassing screensharing moments. Enjoy the meeting!",
        "tabSettingsText":"Settings",
        "tabPomodoroText":"Pomodoro",
        "tabAdvancedText":"Advanced",
        "graphQuantityText":"Quantity",
        "graphMinutesText":"Minutes",
        "graphDateText":"Date",
        "graphTimeText":"Time",
        "buttonBackToMyHabitsText":"Back to my habits",
        "activitiesSyncErrorText":"Focus Bear was not able to sync the activities' statistics due to bad internet.",
        "alertAppRestartText":"Focus Bear automatically restarts if it gets force quit/crashes to make sure you always have help combatting distractions. If you want to quit the app/take a break, use the Quit option from the Focus Bear menu bar.",
        "buttonDontTellAgainText":"Got it - don't tell me again"
    },
    "abortInfo": {
        "abortingTitle": "Cancelando..",
        "abortingCountDownInfo": {
            "subTitle": "¿Está seguro de que quieres renunciar a sus hábitos? Tómese 10 segundos para reflexionar sobre si realmente quieres cancelar.",
            "message": "Mientras espera, reflexiona sobre por qué estás haciendo esto. Si fue porque su rutina matutina era demasiado ambiciosa, piense en acortarla para que solo dure unos minutos, de modo que sea más fácil hacerlo que no hacerlo. Si está desactivando porque la aplicación está dañada, ¡Lo siento mucho! Realmente agradeceríamos un correo electrónico con comentarios a team@focusbear.io",
            "pleaseEmailText": "Por favor envíe un correo electrónico",
            "buttonAbortCancelText": "No quise hacer eso. ¡Déjeme continuar con mis hábitos!"
        },
        "abortingConfirmInfo": {
            "subTitle": "¿Puedes compartir por qué estás cancelando?",
            "dropDown_0": {
                "title": "Seleccione una razón"
            },
            "dropDown_1": {
                "title": "Tengo una emergencia",
                "description": "¡Oh no! Espero que todo esté bien. Restaurando el acceso inmediatamente y cancelando los hábitos durante las próximas 4 horas. Su rutina normal se reanudará después de eso."
            },
            "dropDown_2": {
                "title": "El app está dañado",
                "description": "¡Oh no! Lo sentimos mucho. Desactivaremos todas las ventanas emergentes. ¿Puedes por favor decirnos qué pasó?﹡",
                "emailTitle": "Su correo electrónico (si quieres que le respondamos):",
                "buttonDeactivateText": "Desactivar ventanas emergentes de hábitos"
            },
            "dropDown_3": {
                "title": "Mis hábitos son demasiado difíciles - no puedo lo puedo manejar",
                "description": "Ah, es comprensible. ¿Le gustaría restablecer sus hábitos para que sean de 30 segundos cada uno y un máximo de 5 minutos? Una breve rutina matutina es mejor que nada. Puedes construir desde allí.",
                "buttonStartSmallText": "Sí, voy a empezar poco a poco",
                "buttonDontWantText": "¡NO quiero una rutina matutina en absoluto!",
                "emailTitle": "Su correo electrónico (si quiere que le respondamos):",
                "startSmallInfo": {
                    "subTitle": "Empezando poco a poco..",
                    "activityResetText": "Hemos restablecido sus hábitos y actividades de descanso para usted. Ahora tienen sólo 30 segundos de duración, lo que debería hacerlos más manejables.",
                    "activityRemovedText": "Eliminamos algunas actividades para que la rutina matutina total dure 5 minutos.",
                    "changeSettingsText": "Puede modificar su configuración más tarde desde el icono de la barra de herramientas superior <icon>",
                    "shareFeedbackText": "¿Puedes compartir algunos comentarios sobre por qué sus hábitos eran demasiado difíciles?﹡",
                    "buttonTitle": "Iniciar rutina acortada"
                },
                "givingUpInfo": {
                    "subTitle": "Renunciar a su rutina matutina",
                    "description": "No hay problema. Tienes el control.",
                    "changeSettingsText": "No dude en reactivar Focus Bear desde el icono de la barra de herramientas superior <icon>",
                    "shareFeedbackText": "¿Puedes compartir comentarios sobre la aplicación?﹡",
                    "buttonTitle": "Desactivar rutina + descansos"
                }
            },
            "dropDown_4": {
                "title": "Algo más",
                "description": "¿Puedes decirnos por qué quieres dejar de recibir notificaciones de hábitos y descansos?﹡",
                "emailTitle": "Su correo electrónico (si quieres que le respondamos):",
                "buttonDeactivateText": "Desactivar rutina + descansos"
            }
        },
        "abortDoneInfo": {
            "title": "Desactivado",
            "subTitle": "Ha desactivado con éxito Focus Bear. La aplicación no mostrará indicaciones de hábitos hasta que la active nuevamente desde el ícono del menú. Si lo desactivó debido a un problema con la aplicación, envíenos un correo electrónico"
        }
    },
    "quitInfo": {
        "quittingTitle": "Abandonando..",
        "quittingCountDownInfo": {
            "subTitle": "¿Seguro que quieres salir? Tómese 10 segundos para reflexionar sobre si realmente quieres abandonar.",
            "message": "Mientras esperas, reflexiona sobre por qué estás haciendo esto. Si fue porque su rutina matutina era demasiado ambiciosa, tal vez acortala para que solo dure unos minutos, de modo que sea más fácil hacerlo que no hacerlo. Si estás abandonando porque la aplicación está dañada, ¡lo siento mucho! Valoramos sus comentarios: team@focusbear.io",
            "pleaseEmailText": "Por favor envíe un correo electrónico",
            "buttonQuitCancelText": "No quise hacer eso. ¡Déjeme continuar con mis hábitos!"
        },
        "quittingConfirmInfo": {
            "subTitle": "¿Puedes compartir por qué estás abandonando",
            "buttonQuitText": "Abandonar",
            "emailTitle": "Su correo electrónico (si quieres que le respondamos):",
            "dropDown_0": {
                "title": "Selecciona una razón"
            },
            "dropDown_1": {
                "title": "Tengo una emergencia",
                "description": "¡Oh no! Espero que todo esté bien. Restaurando el acceso inmediatamente y cancelando los hábitos durante las próximas 4 horas. Su rutina normal se reanudará después de eso."
            },
            "dropDown_2": {
                "title": "El app está dañado",
                "description": "Oh no! Lo sentimos mucho. Desactivaremos todas las ventanas emergentes. ¿Puedes por favor decirnos qué pasó?﹡",
                "finalDescription": "¡Esperamos que pronto retome los hábitos! Lo veremos pronto."
            },
            "dropDown_3": {
                "title": "Algo más.",
                "description": "¿Puedes decirnos por qué quieres dejar de recibir notificaciones de hábitos y descansos?﹡",
                "finalDescription": "¡Esperamos que pronto retomes los hábitos! Lo veremos pronto."
            }
        },
        "askQuitVcInfo":{
            "subTitle":"Do you want to quit the app completely or just take a break for a few hours?",
            "buttonDiableAppText":"Give me a break for 4hrs",
            "buttonQuitText":"Turn it off completely - I'll turn it back on when I'm ready"
        }
    },
    "shutOffTimeInfo": {
        "title": "Hora de relajarse.",
        "subTitle": "Me dijo que no quería usar su computadora desde <SHUTOFFTIME> hasta <STARTTIME>. Disfrute de su noche y duerma bien. Espero poder ayudarle con su rutina matutina mañana.",
        "buttonAbortText": "Obtenga acceso ahora",
        "shutOffAbortInfo": {
            "title": "Emergencia?",
            "subTitle": "¿Seguro que quieres hacer esto? Usar su computadora a altas horas de la noche podría arruinar su sueño. Tómate 30 segundos para reflexionar sobre si se trata realmente de una emergencia o si puede esperar.",
            "shareFeedbackText": "Siéntase libre de escribir una explicación aquí:",
            "buttonUnlockText": "Desbloquear"
        },
        "shutOffAbortDoneInfo": {
            "subTitle": "Lamento escuchar que sucedió algo malo y que es absolutamente necesario que uses tu computadora muy tarde en la noche. Estamos desbloqueando tu computadora ahora. Tu rutina matutina aún se activará a las <STARTTIME>. Espero que puedas recuperar el sueño durante el día.",
            "unlockingText": "Desbloqueo en"
        }
    },
    "settings": {
        "title": "Ingrese la configuración JSON a continuación:",
        "buttonSaveText": "Guardar",
        "visitText": "Visite <SETTINGURL> para generar configuraciones",
        "settingUrl": "focusbear.io/settings-generator",
        "schemaError": "Su configuración no se puede validar.",
        "buttonOkText": "OK",
        "settingIsNotValidText": "Lo siento, parece que su configuración no es válida. Genera configuraciones en el siguente link, gainyourscreentime.com/settings",
        "buttonEditSettingsText": "Editar Configuración",
        "buttonAdvancedText": "Avanzado",
        "description": "Dale clic a \"Editar Configuración\" para modificar tu configuración existente. Si eres un usuario avanzad@ haz clic en \"Avanzado\"para ver o editar la configuración JSON",
        "settingIsValidText": "Tu configuración ha sido validada y se aplicará ahora."
    },
    "trialNagInfo": {
        "title": "Focus Bear",
        "description": "Ofrecemos un período de prueba de 21 días, durante el cual puedes evaluar Focus Bear en tu tiempo libre. La versión de prueba es una versión TOTALMENTE funcional y podrás evaluar todas las funciones.",
        "buttonStartTrialText": "EMPIEZA TU PRUEBA GRATUITA DE 31 DÍAS",
        "buttonContinueTrialText": "Continuar con la prueba",
        "buttonRegisterNowText": "Regístrate ahora",
        "trialPeriodText": "Periodo de prueba",
        "daysRemainingText": "Días restantes",
        "getLicenseKeyDescription": "Si no tiene una clave de licencia, ¡obtenga una!",
        "buttonBuyNowText": "Compra ahora",
        "buttonlicensekeyText": "Introduzca la clave de la licencia"
    },
    "activationNagInfo": {
        "title": "Activación de Focus Bear",
        "description": "Pegue la clave de licencia en el cuadro de texto a continuación y haga clic en Activar para desbloquear todas las funciones.",
        "buttonPasteText": "Haga clic aquí para pegar la clave de licencia copiada.",
        "buttonActivateText": "Activar",
        "buttonBuyLicenseText": "Comprar licencia",
        "buttonBackText": "Atrás",
        "noInternetTitle": "No hay conexión a internet",
        "noInternetSubTitle": "Asegúrese de que su dispositivo esté conectado a Internet.",
        "successfullyActivatedTitle": "¡Gracias!",
        "successfullyActivatedSubTitle": "¡Has activado con éxito Focus Bear!",
        "buttonOkText": "OK",
        "activationErrorTitle": "No se puede activar.",
        "activationErrorSubTitle": "Introduzca una clave de licencia válida."
    },
    "menuInfo": {
        "menuItemReactivateTitle": "Reactivar",
        "menuItemEnterLicenseKeyTitle": "Introduzca la clave de la licencia",
        "menuItemSettingsTitle": "Configuraciones",
        "menuItemPreferencesTitle": "Preferencias",
        "menuItemExportStatisticsTitle": "Exportar estadísticas",
        "menuItemFocusTitle": "Enfoque",
        "menuItemHardcorePomodoroModeTitle": " Modo de Pomodoro Súper",
        "menuItemFocusPreferencesTitle": "Preferencias de enfoque",
        "menuItemStartPomodoroTitle": "Inicia modo Pomodoro",
        "menuItemStopHardcorePomodoroTitle": "Parar Modo de Pomodoro Súper",
        "menuItemCheckForUpdatesTitle": "Buscar actualizaciones",
        "menuItemEnableOfficeModeTitle": "Modo de oficina habilitado",
        "menuItemDisableOfficeModeTitle": "Modo FMH habilitado",
        "menuItemQuitTitle": "Abandonar",
        "untilTimeText": "Prendido hasta <TIME>",
        "onText": "Prendido",
        "noOfficeFriendlyActivityAlertText": "No tiene ninguna actividad de descanso para la oficina. Quieres que le agregue una para que se pare y estire por 20 segundos?",
        "noOfficeFriendlyActivityButtonFirstText": "Si, suena bien",
        "noOfficeFriendlyActivityButtonSecondText": " ¡No, soy una maquina! No necesito descanso.",
        "officeModeEnabledSuccessfullyText": "¡OK! Solo le pediré que hagas actividades que no extrañen a otras personas (hacer flexiones en paradas de manos en la oficina podría verse raro).",
        "menuItemUpgradeNowTitle": "Actualizar ahora",
        "subscriptionExpiredText": "Su suscripción ha expirado",
        "menuItemStartBreakTitle": "Descanso de inicio",
        "menuItemBrainDumpTitle":"Brain Dump",
        "toolTipOfficeMode":"When you're working from the office, I will only give you appropriate break activities (e.g. chair stretches rather than pushups).",
        "toolTipWfhMode":"No-one's around! You can do break activities that are a bit more fun (e.g. Dance like no-one's watching).",
        "menuItemToolsTitle":"Tools >",
        "menuItemOpenToolboxTitle":"Open Toolbox"
    },
    "preferencesInfo": {
        "titlePomodoro": "Modo de Pomodoro:",
        "checkBoxPomodoroText": "Ingrese al modo Pomodoro después de completar la rutina matutina",
        "titleReduceMotion": "Reducir movimiento:",
        "checkBoxReduceMotionText": "Prefiero movimiento reducido (no mostrar osos animados)",
        "titleAskNextHabit": "Recordatorio del siguiente hábito:",
        "checkBoxPromptToAskNextHabitText": "De vez en cuando puedes avisarme para que recuerde el siguiente hábito",
        "titleSelectLanguage": "Seleccionar Idioma:",
        "alertChangeLanguageMessageText": "¿Estás seguro de que quieres cambiar el idioma a <LANGUAGE>?",
        "buttonAdvancedText": "Avanzado",
        "pomodoroModeDurationText": "Duración del Modo de Pomodoro:",
        "minutesText": "minutes",
        "hardCorePomodoroEnabledText": "Modo de Pomodoro Súper habilitado para concentrarse en <FOCUSTYPE> por <COUNT> pomodoros el/los <DAYS>.",
        "hardCorePomodoroNotEnabledText": "Modo de Pomodoro sin habilitar.",
        "automaticPomodoroNotEnabledText": "Modo de Pomodoro automático esta deshabilitado.",
        "reviewFocusModeAlertText": "Por favor revisa las configuraciones del modo de enfoque para modo de pomodoro Súper.",
        "breakDurationText": "Duración del descanso:",
        "titleSurveillance": "Vigilancia:",
        "checkBoxSurveillanceText": "Estoy bajo vigilancia del empleador",
        "descriptionSurveillanceText": "Ocultar Focus Bear en capturas de pantalla",
        "workDurationEmptyErrorText": "Duración del trabajo no puede estar vacío.",
        "workDurationZeroErrorText": "Duración del trabajo no puede ser 0.",
        "breakDurationEmptyErrorText": "Duración del descanso no puede estar vacío.",
        "breakDurationZeroErrorText": "Duración del descanso no puede ser 0.",
        "versionText": "Version:",
        "titleSound": "Sonido:",
        "checkBoxSoundText": "Reproducir efectos de sonido",
        "statisticsText": "Estadísticas:",
        "updatesText": "Actualizaciones:",
        "titleAppMode":"Focus bear mode:",
        "checkBoxCuddlyBearText":"Cuddly Bear mode",
        "descriptionCuddlyBearText":"Cuddly Bear mode: kind and gentle - gives you the benefit of the doubt when you open a non-allowed URL. Lets you temporarily allow blocked URLs during a focus mode.",
        "checkBoxGrizzlyBearText":"Grizzly Bear mode",
        "descriptionGrizzlyBearText":"Grizzly Bear mode: super strict - immediately block URLs that aren't allowed and don't let yourself allow them until the focus mode is over.",
        "pomodoroDescriptionText":"Pomodoro Mode cycles between deep work blocks where a focus mode is turned on (and distractions turned off) and break periods.",
        "buttonLearnPomodoroTechniqueText":"Learn more about the pomodoro technique here.",
        "titleDockIcon":"Dock icon:",
        "checkBoxShowDockIconText":"Show Dock icon"
    },
    "focusPreferencesInfo": {
        "titleFocusType": "Tipo de enfoque:",
        "titleAllowedAllApps": "Permitir todas las aplicaciones",
        "titleAllowedSelectedApps": "Permitir aplicaciones seleccionadas",
        "titleAllowedAllUrls": "Permitir todas las URL",
        "titleAllowedSelectedUrls": "Permitir las URL seleccionadas (solo funciona con Safari y Chrome)",
        "noFocusAddedText": "Agregue un tipo de enfoque en el panel izquierdo.",
        "deleteFocusTypeMessageText": "¿Está seguro de que desea eliminar el tipo de enfoque seleccionado?",
        "yesText": "Sí",
        "noText": "No",
        "urlPlaceHolderString": "google.com",
        "invalidDomainText": "Introduzca un dominio web válido.",
        "invalidDomainTextSecond": "Si desea permitir todas las URL, seleccione \"Permitir todas las URL\".",
        "buttonCancelText": "Cancelar",
        "buttonAddText": "Agregar",
        "buttonSaveText": "Guardar",
        "titleAddWebUrl": "Agregar URL web",
        "titleEditWebUrl": "Editar URL web",
        "titleAddFocusType": "Añadir Tipo de Enfoque",
        "titleTitle": "Título:",
        "titleColor": "Color:",
        "errorSameFocusType": "Ya existe un tipo de Enfoque con el mismo nombre.",
        "buttonSelectAppText": "Seleccionar",
        "appAlreadyExistsText": "Algunas de las aplicaciones seleccionadas ya están presentes en la lista.",
        "urlAlreadyExistsText": "<APPNAME> ya existe en la lista.",
        "focusCanNotDeleteTitle": "No se puede eliminar.",
        "focusCanNotDeleteSubTitle": "El tipo de enfoque Predeterminado no se puede eliminar.",
        "focusModeOnText": "El modo de enfoque está activado. Desactive el modo de enfoque para eliminarlo.",
        "duplicateText": "Duplicar",
        "toolTipAdd": "Agregar",
        "toolTipRemove": "Remover",
        "toolTipDuplicate": "Duplicar",
        "hardCorePomodoroIsOnMessageText": " El modo Pomodoro Súper está activado. Por favor ancele el modo Pomodoro Súper para eliminarlo.",
        "buttonAdvancedText": "Avanzado",
        "defaultFocusText": "¡Anarquía completa! No bloquees nada 😬",
        "meetingsFocusText": "Reuniones",
        "disablePomodoroModeAlertText": "El modo de enfoque seleccionado está habilitado en el modo pomodoro Súper. Por favor deshabilite el modo pomodoro Súper para eliminar esto.",
        "buttonAddFocusTypeText": "Agrega modo de enfoque",
        "buttonDeleteFocusTypeText": "Eliminar",
        "allowUrlInstructionFirstText": "Para permitir un determinado sitio web escribe: dominio.com",
        "allowUrlInstructionSecondText": "Para permitir todos los subdominios de un sitio web escribe: *.domain.com",
        "allowUrlInstructionThirdText": "Para permitir cualquier página web que contenga texto en la URL o el título de la página: reactnative o React Native",
        "blockUrlInstructionFirstText": "Para bloquear un determinado sitio web escribe: dominio.com",
        "blockUrlInstructionSecondText": "Para bloquear todos los subdominios de un sitio web escribe: *.domain.com",
        "lockedFocusText":"Locked Focus on current activity",
        "titleBlockedAllUrls":"Block all urls",
        "titleBlockedSelectedUrls":"Block selected urls (works with Safari and Chrome only)",
        "titleAllowUrlListApproch":"Block everything except safe sites that I choose",
        "titleBlockUrlListApproch":"Allow everything except certain distracting sites",
        "allowUrlsQuestionText":"How do you want to allow URLs?",
        "blockUrlsQuestionText":"How do you want to block URLs?"
    },
    "focusPreferencesAdvancedInfo": {
        "runScriptBeforeText": "Ejecute el script de Apple antes de iniciar el modo de enfoque.",
        "runScriptAfterText": "Ejecute el script de Apple después de iniciar el modo de enfoque.",
        "titleCurrentAppleScript": "Script actual de Apple:",
        "buttonSelectScriptText": "Seleccionar el script de Apple",
        "titleBlockedUrls": " Las URL bloqueadas",
        "selectScriptFileText": "Seleccione un archivo de script",
        "buttonSelectText": "Select",
        "pleaseSelectScriptText": " Por favor seleccione un script de Apple.",
        "toolTipAdd": "Agregar",
        "toolTipRemove": "Remover",
        "instructionText": "Las URL aquí se bloquearán durante este modo de enfoque. Útil si desea permitir algunos sitios web pero bloquear otros. Por ejemplo, podría tener *.google.com como una URL permitida pero bloquear tv.google.com",
        "autoOnDoNotDisturbText":"Turn on Do Not Disturb automatically when starting a focus mode.",
        "needDndPermissionText":"To turn on Do Not Disturb when starting a Focus Mode, Focus Bear needs Accessibility permissions. Would you like to give the permissions now?"
    },
    "focusInfo": {
        "focusAlreadyRunningText": "Ya se está ejecutando un modo de enfoque. Desactive el modo de enfoque en ejecución para iniciar uno nuevo.",
        "startingFocusModeInfo": {
            "buttonStartFocusText": "Inicia Enfoque",
            "howMuchTimeText": "¿Cuánto tiempo quiere concentrarse?:",
            "hoursText": "horas",
            "minutesText": "minutos",
            "title": "Tipo de enfoque inicial - <FOCUSTYPE>",
            "questionText": "¿Qué planea lograr durante este bloque/bloques de enfoque?",
            "onlyAllowSelectedAppText":"You'll only be able to use <APP>",
            "onlyAllowSelectedAppAndUrlText":"You'll only be able to use \"<URL>\" in <APP>",
            "explanationText":"Setting an intention for the focus block helps prime your brain to accomplish that task. To edit the intention after starting the focus mode, click Brain Dump in the menu bar."
        },
        "abortingFocusModeInfo": {
            "title": "Desactivación del tipo de enfoque - <FOCUSTYPE>",
            "questionText": "¿Puede compartir por qué estás desactivándolo?",
            "reasonsFirstText": "El modo de enfoque no funciona correctamente.",
            "reasonsSecondText": "Logre lo que quería demasiado temprano.",
            "reasonsThirdText": "Tengo una emergencia",
            "buttonCancelText": "Cancelar",
            "buttonAbortFocusText": "Desactivar modo de Enfoque"
        },
        "focusCompletedInfo": {
            "title": "¡Lo logró!",
            "subTitle": "Ha completado con éxito el bloque/bloques de enfoque - <FOCUSTYPE>",
            "questionFirstText": "¿Qué logró durante este tiempo?",
            "questionSecondText": "Algunas distracciones?",
            "titleIntention": "¿Su intención fue?",
            "buttonTakeBreakText": "Tómese un descanso de 5 minutos"
        },
        "focusSummaryInfo": {
            "title": "Completaste <COUNT> bloque/bloques de enfoque hoy.",
            "buttonContinueText": "Start Evening Routine",
            "focusTableColumnFirstText": "Tipo de Enfoque",
            "focusTableColumnSecondText": "Hora de inicio",
            "focusTableColumnThirdText": "Duración",
            "focusTableColumnFourthText": "Trabajo logrado",
            "focusTableColumnFifthText": "Distracciones presentadas",
            "activityTableColumnFirstText": "Actividad",
            "activityTableColumnSecondText": "Cantidad Total",
            "activityTableColumnThirdText": "Promedio",
            "activityTableColumnSixthText": "Duración Total",
            "titleActivitySummaryText": "Resumen de la Actividad:",
            "titleFocusSummaryText": "Resumen de Enfoque:",
            "totalFocusTimeText": "Tiempo total de enfoque: <TIME>",
            "buttonNeedMoreTimeText": "I need to work for one more minute",
            "buttonStillNeedMoreTimeText": "Todavía necesito trabajar más tiempo"
        },
        "discourageDefaultFocusInfo": {
            "title": "¿Está seguro? Es bastante fácil distraerse sin usar un modo de enfoque más restrictivo",
            "buttonCancelText": "Ah, supongo que tiene razón: ¡CANCELAR!",
            "buttonShutUpText": "Cállese, sé lo que estoy haciendo.",
            "titleGoodLuck": "¡OK buena suerte! (La necesitarás 😅)"
        },
        "suggestFocusInfo": {
            "title": "¿Necesitará usar otras aplicaciones durante la reunión? Si no, puedo bloquear todo lo demás para ayudarte a concentrarte.",
            "subTitle": "Al seleccionar \"Bloquear todo lo demás\", la aplicación iniciará el modo de enfoque \"Reuniones\".",
            "buttonBlockText": "Bloquea todo lo demás",
            "buttonCancelText": "Está bien que use otras aplicaciones durante esta reunión"
        }
    },
    "pomodoroInfo": {
        "title": "Es Hora de Enfocarse",
        "questionFirstText": "¿Qué quieres lograr en esta sesión de pomodoro?",
        "questionSecondText": "¿Qué modo de enfoque quieres usar?",
        "buttonEditFocusModeText": "Editar modos de enfoque",
        "buttonLetsDoItText": "Vamos a hacerlo",
        "buttonHardcorePomodoroText": "Use el modo pomodoro Súper (bloquee el modo de enfoque para múltiples pomodoros)",
        "howManyPomodoroText": "¿Por cuantos pomodoros se quiere concentrar?:",
        "chooseTheFocusModeText": "Elije el modo de enfoque y la duración: no podrá cambiar el modo de enfoque hasta que se acabe el tiempo (todavía puede usar cualquier aplicación / sitio web durante el descanso de 5 minutos)",
        "alertWarningPaswwordSetText": "Para que el modo pomodoro Súper sea más efectivo, recomendamos establecer una contraseña (pídele a otra persona que lo haga por usted); de lo contrario, aún podrá cancelar los modos de enfoque antes de que se acabe el tiempo..",
        "completedPomodoroCountText": "Has completado <COMPLETED_POMODORO> de <TOTAL_POMODORO> pomodoros. Faltan <REMAINING_POMODORO> más."
    },
    "logQuantityInfo": {
        "title": "Registra la Cantidad de la actividad",
        "buttonCancelText": "Cancelar",
        "buttonOkText": "OK",
        "enterValidValueText": "Por favor ingrese una cifra válida.",
        "quantityIsEmptyText": "La cantidad de registro no puede estar vacía.",
        "logQuantityQuestionText":"How many <activity> did you do?"
    },
    "enterPasswordViewInfo": {
        "title": "Por favor ingrese la contraseña para continuar",
        "passwordPlaceholderText": "Contraseña",
        "buttonResetPasswordText": "Restablecer la contraseña",
        "blankPasswordErrorTitle": "La contraseña no puede estar en blanco.",
        "blankPasswordErrorSubTitle": "Por favor introduce una contraseña válida.",
        "incorrectPasswordErrorTitle": "Contraseña no válida.",
        "alertConfirmResetPasswordTitle": "Restablecer la contraseña",
        "alertConfirmResetPasswordSubTitle": "Su contraseña actual se eliminará después de 24 horas. Luego puede establecer una nueva contraseña. ¿Continuar?",
        "alertPasswordResetDoneTitle": "Restablecimiento de contraseña en curso",
        "alertPasswordResetDoneSubTitle": "Establezca una nueva contraseña después de 24 horas."
    },
    "passwordPreferencesInfo": {
        "titleSetPassword": "Configurar la contraseña",
        "titleChangePassword": "Cambiar Contraseña",
        "newPasswordPlaceholderText": "Nueva Contraseña",
        "confirmPasswordPlaceholderText": "Confirma Contraseña",
        "infoText": "Deberás proporcionar la contraseña cuando canceles tu rutina matutina o vespertina o incluso el modo súper pomodoro. Puedes restablecer la contraseña en cualquier momento, sólo tiene que esperar 24 horas.",
        "buttonSetPasswordText": "Configurar la Contraseña",
        "buttonChangePasswordText": "Cambiar Contraseña",
        "passwordNotSetText": "Si tienes problemas para mantener tus hábitos, pide a un compañero de piso, tu pareja o a alguien con quien convivas que establezca una contraseña. No podrás saltarte los hábitos sin la contraseña.",
        "passwordSetText": "Responsabilidad adicional: tienes una contraseña activa configurada y no puedes saltarte tus hábitos sin que un amigo ingrese la contraseña.",
        "passwordBlankAlertTitle": "La contraseña no puede estar en blanco.",
        "passwordBlankAlertSubTitle": "Por favor introduce una contraseña válida.",
        "confirmPasswordBlankAlertTitle": "Confirmar contraseña no puede estar en blanco.",
        "confirmPasswordBlankAlertSubTitle": "Ingrese una \"Confirmar contraseña\" válida.",
        "passwordSetAlertTitle": "Contraseña configurada con éxito.",
        "passwordChagedAlertTitle": "Contraseña cambiada correctamente.",
        "passwordNotMatchAlertTitle": "Las contraseñas no coinciden.",
        "passwordNotMatchAlertSubTitle": "Confirmar contraseña no coincide con la contraseña principal. Por favor, vuelva a escribirla.",
        "buttonDisablePasswordText": "Deshabilitar mi contraseña",
        "passwordDisableAskText": "¿Estás seguro de que deseas deshabilitar tu contraseña?",
        "passwordDisableDoneText": "Su contraseña ha sido deshabilitada"
    },
    "blockedUrlsViewInfo": {
        "title": " Las URL siempre bloqueadas",
        "invalidDomainText": "Agregar * bloqueará todas las URL. Utilice otra combinación.",
        "subTitleText": "Bloquea estas URL incluso si no estás en un bloque de enfoque. Es posible que desees colocar redes sociales o sitios de noticias que preferirías no usar en ningún momento. Siempre puedes configurar una actividad de rutina vespertina la que permita explícitamente el acceso a Facebook para seguir conectado, excepto durante su rutina matutina o día de trabajo."
    },
    "rememberNextHabitViewInfo": {
        "randomPhraseRightChoice1": "¡Vas muy bien!",
        "randomPhraseRightChoice2": "¡Oh si!",
        "randomPhraseRightChoice3": "¡Usted puede!",
        "randomPhraseRightChoice4": "Puedo jubilarme ahora porque sabes exactamente lo que estás haciendo.🙂",
        "randomPhraseWrongChoice1": "Uy, no del todo - es <CORRECT_HABIT_NAME>",
        "randomPhraseWrongChoice2": "Casi - es <CORRECT_HABIT_NAME>",
        "Title": "¿ Qué sigue?",
        "description": "Quiero asegurarme de que usted no se vuelva demasiado dependiente de mí. Habrá días en los que no tenga acceso a su computadora, pero eso no significa que no cumplirá con sus hábitos. Piense en mí como ruedas de entrenamiento de una bicileta: estoy aquí para ayudarle a consolidar sus hábitos hasta que se vuelvan automáticos. Hagamos un ejercicio rápido para asegurarnos de que recuerda cómo acumular sus hábitos incluso cuando no estoy presente.",
        "questionText": "Acabas de completar <LAST_HABIT_NAME>. ¿Qué hábito harás a continuación?",
        "selectHabitText": "Selecciona Hábito",
        "enterToChooseText":"Press enter to choose an option"
    },
    "preloadFocusModesViewInfo": {
        "title": "¿Qué tipo de trabajo realiza principalmente?",
        "titleSelectWorkType": "Selecciona tipo de trabajo",
        "titleProgramming": "Programación",
        "titleGraphicDesign": "Diseño gráfico",
        "titleDataAnalysis": "Análisis de datos",
        "titleSomethingElse": "Algo diferente",
        "buttonContinueText": "Continuar",
        "workText": "Trabajo",
        "placeholderWorkText":"Rocket Surgery"
    },
    "pomodoroPreferencesAdvancedInfo": {
        "checkBoxUseHardcorePomodoroText": "Usa el modo pomodoro Súper",
        "descriptionHardcorePomodoroText": "(Bloquear el modo de enfoque para múltiples pomodoros)",
        "chooseFocusText": "Elija el modo de enfoque",
        "descriptionChooseFocusFirstText": "No podrás cambiar el modo de enfoque hasta que se acabe el tiempo.",
        "descriptionChooseFocusSecondText": "(Todavía puedes usar cualquier aplicación/sitio web durante su descanso de 5 minutos)",
        "HowManyPomodoroText": "¿Por cuántos pomodoros se quiere concentrar?:",
        "selectDaysForPomodoroText": "Programe días específicos en los que desea ejecutar el modo pomodoro extremo después de la rutina matutina:",
        "buttonApplyText": "Aplicar",
        "selectAtleastOneDayText": "Seleccione al menos un día."
    },
    "accountVcInfo": {
        "title": "Información de tu cuenta",
        "titleNameText": "Nombre:",
        "titleEmailIdText": "Correo electrónico:",
        "buttonLogoutText": "Cerrar Sesión",
        "registeredVersionText": "Suscripción activa",
        "logoutAlertText": "¿Está seguro de que deseas cerrar la sesión?",
        "titleUserIdText": "Identificación de usuario:",
        "restoreText": "If you've already purchased a Focus Bear subscription, click Sync Payment Status to activate it here.",
        "buttonRestoreText": "Sync Payment Status"
    },
    "activityPostponeInfo": {
        "posponeHabitsText": "Si tienes alguna urgencia, puedes pausar tus hábitos por algunos minutos.",
        "postponeBreakText": "Si tienes alguna urgencia, puedes posponer la actividad de descanso por 5 minutos.",
        "buttonTakeBreakText": "¡Ay, está bien, me tomaré un descanso!",
        "selectMinutesText": "Selecciona cuántos minutos deseas posponerlo:",
        "buttonCompletelySkipText": "Omitir completamente",
        "buttonPostponeHabitText": "Posponer Hábito",
        "buttonPostponeBreakText": "Posponer Descanso",
        "buttonAbortBreakText": "Cancelar Interrupción",
        "posponedLastBreakText": "Pospusiste el último descanso. ¿Estás seguro de que no puedes tomarlo esta vez?",
        "buttonEnableOfficeModeText": "Switch to office mode",
        "officeModeEnableText": "Ok, te daré algunas actividades de descanso que recomendamos para hacer en un entorno de oficina",
        "postponedLastHabitText": "You've postponed your habits a few times. Are you sure you want to postpone again?",
        "buttonDoHabitText": "I changed my mind - I'll do my habits"
    },
    "brainDumpVcInfo": {
        "title": "Focus Bear - Volcado de cerebros",
        "titleIntentionText": "Intención:",
        "titleTimeRemainingText": "Tiempo restante:",
        "titleWorkNoteFirst": "Cosas que haré en mi próximo descanso:",
        "titleWorkNoteSecond": "Cosas que querías hacer en tu descanso:"
    },
    "askLogInVcInfo": {
        "title": "Haz que los hábitos saludables y el trabajo profundo sean el camino de menor resistencia",
        "messageText": "Inicia sesión con una cuenta de Focus Bear para administrar tu tiempo sin pensar en ello. Tener una cuenta te ayuda a establecer las horas de uso de tu computadora, crear una rutina personalizada para la mañana y la noche, y personalizar tus modos de enfoque para diferentes actividades.",
        "buttonSignInText": "Iniciar sesión",
        "buttonSignUpText": "Regístrate"
    },
    "upgradeNowVcInfo": {
        "pointFirstText": "Rutinas de hábitos personalizadas",
        "pointSecondText": "Descansos que aumentan la productividad",
        "pointThirdText": "Modos de enfoque personalizables",
        "pointFourthText": "Seguimiento automático de objetivos",
        "buttonUpgradeNowText": "Actualizar ahora",
        "moneyBackText": "30 días de garantía con devolución de dinero",
        "syncInfoText": "Después de pagar, haz clic en el botón Sincronizar estado de pago a continuación",
        "buttonRestoreText": "Sincronizar estado de pago",
        "subscriptionExpiredText": "Su suscripción ha expirado"
    },
    "onboardingPostponeVcInfo": {
        "title": "Si tienes algo urgente, puedes posponer el proceso de inducción por unos minutos",
        "selectMinutesText": "Seleccionar cuantos minutos a posponer:",
        "buttonPostponeText": "Posponer inducción"
    },
    "welcomeOnboardingVcInfo": {
        "subTitle": "¡Bienvenido a bordo!",
        "descriptionFirstText": "Espero poder ayudarte a formar hábitos saludables y realizar un bloques de trabajo más profundos. El proceso de inducciión demora cinco minutos y requiere el 100 % de tu atención",
        "descriptionSecondText": "No podrás usar otras aplicaciones durante la inducción. ¿Tienes tiempo ahora o lo hacemos un poco más tarde?",
        "buttonLaterText": "Un poco más tarde, por favor",
        "buttonLetsDoItText": "Hagámoslo ya",
        "allRightsReservedText": "© 2022 Focus Bear Todos los derechos reservados.",
        "confirmText": "Sólo quiero confirmar por última vez que estás de acuerdo con esto; durante el próximo minuto no podrás usar otras aplicaciones mientras realices la inducción",
        "buttonConfirmLetsDoItText": "Sí, hagámoslo, tengo un minuto",
        "buttonNeedMoreTimeText": "Uhh I need a few more minutes"
    },
    "upgradeNowUrl": "https://dashboard.focusbear.io/subscription",
    "customLoginVcInfo": {
        "titleSignIn": "Iniciar sesión",
        "titleSignUp": "Registrarse",
        "subTitleCreateAccount": "Crear una cuenta",
        "subTitleWelcomeback": "Bienvenido de nuevo",
        "titleEmailAddress": "Correo electrónico",
        "titlePassword": "Contraseña",
        "titleConfirmPassword": "Confirma tu contraseña",
        "buttonSignInText": "Iniciar sesión",
        "buttonCreateAccountText": "Crear una cuenta",
        "titleEmailIsBlank": "El correo electrónico no puede estar vacío.",
        "emailInvalidText": "Ingrese un correo electrónico válido.",
        "titlePasswordIsBlank": "La contraseña no puede estar vacía.",
        "passwordInvalidText": "Por favor ingrese una contraseña válida.",
        "titleInvalidEmail": "El correo electrónico no es válido",
        "titleConfirmPasswordBlank": "La contraseña de confirmación no puede estar vacía.",
        "confirmPasswordInvalidText": "Ingrese una \"Confirmar contraseña\" válida.",
        "titlePasswordNotMatch": "Las contraseñas no coinciden.",
        "confirmPasswordNotMatchText": "La contraseña de confirmación no coincide con la contraseña principal. Vuelve a ingresarla.",
        "titleSignupFailed": "Error al registrarse.",
        "titleLoginFailed": "Error al iniciar sesión.",
        "titlePasswordRules": "Password rules:",
        "passwordRulesText": "* At least 8 characters in length\n* Contain at least 3 of the following 4 types of characters:\n* lower case letters (a-z)\n* upper case letters (A-Z)\n* numbers (i.e. 0-9)\n* special characters (e.g. !@#$%^&*)",
        "buttonForgotPasswordText": "Forgot Password"
    },
    "loginHelpVcInfo": {
        "title": "Debería abrirse una ventana de incógnito donde puede iniciar sesión o registrarse. Si no la ve, intenta abrir Safari manualmente. Si aún no puedes verla",
        "buttonClickHereText": "Haga clic aquí"
    },
    "onboardingCardsInfo": {
        "title": "Important Notes",
        "controllingBrowserText": "Controlling Your Browser",
        "controllingBrowserDescription":"When you next open a browser tab, you'll see this popup. The reason we ask for permissions to control your browser is so we can block distracting websites when you activate focus mode.",
        "buttonGotItText":"Got it",
        "titleSignUpSuccessful":"Sign up successful",
        "signupSuccessText":"Great you're all signed up. I'll just give you a few tips before you start using it.",
        "buildingHabitsText":"Building Better Habits",
        "buildingHabitsDescription":"Focus Bear will help you develop stronger habits in the morning and evening by blocking distractions. But don't worry - if you need to access your computer in a hurry, just click the \"Please spare me\" button in the top right.",
        "brainBreaksText":"Brain Breaks",
        "brainBreaksDescription":"To avoid screen headaches and neck strain, Focus Bear will encourage you to take breaks at regular intervals. We give you a 30 second warning so you can postpone the break if it's a bad time. We also detect if you're in a meeting and don't show breaks as that might lead to awkward screensharing moments otherwise!",
        "buttonBackText":"Back",
        "buttonNextText":"Next"
    },
    "breakWarningVcInfo": {
        "title": "Your Break starts in",
        "buttonPostponeText": "Postpone for 5 minutes",
        "postponeConfirmText": "You postponed the last break - are you sure you can't make time for The break now?",
        "buttonTakeBreakText": "Argh ok I'll take a break!"
    },
    "askAppWorkVcInfo": {
        "title": "Bienvenido a Focus Bear",
        "questionText": "What are your goals?",
        "checkBoxFirstText": "Help me develop healthy habits in the morning (e.g. meditate before starting work) and evening (e.g. have dinner with loved ones)",
        "checkBoxSecondText": "Help me stay focused during the work day",
        "buttonContinueText": "Continue"
    },
    "toolBoxVcInfo": {
        "title": "The toolbox makes it easy to open the apps and websites that you've allowed in the <FOCUS_NAME> focus mode. You can access it from the Menu under Tools.",
        "checkBoxText": "Don't show this anymore when I start a focus block",
        "appsText": "Apps:",
        "urlsText": "Urls:",
        "windowTitleText": "Focus Bear - Toolbox"
    },
    "skipHabitVcInfo": {
        "title": "Skipping habit in",
        "buttonDoHabitsText": "I changed my mind - I'll do my habits"
    },
    "popUpBlockConfirmVcInfo": {
        "title": "Do you need to use <URL> when you're focusing on <FOCUSTYPE>?",
        "buttonAllowText": "Yes - just this time",
        "buttonBlockText": "No - I was getting distracted",
        "buttonEditSettingsText": "Edit Settings"
    }
}
